patient_id,name,email,ssn,diagnosis,country
1,JELLH,jellh@example.com,593-33-3505,Flu,USA
2,UJECQ,ujecq@example.com,495-18-5518,Cancer,India
3,EIMDX,eimdx@example.com,671-20-6308,Diabetes,USA
4,KNUTI,knuti@example.com,790-85-8852,Hypertension,Canada
5,JTKYK,jtkyk@example.com,541-87-9267,Cancer,Australia
6,DQPWX,dqpwx@example.com,316-76-2554,Hypertension,Canada
7,LYOYM,lyoym@example.com,883-88-3166,Asthma,India
8,KJGYN,kjgyn@example.com,313-35-2705,Diabetes,Canada
9,IHBYR,ihbyr@example.com,254-63-6902,Asthma,UK
10,CISSD,cissd@example.com,145-62-9061,Diabetes,Canada
11,FFZKU,ffzku@example.com,902-96-7442,Diabetes,Canada
12,WZCGP,wzcgp@example.com,507-33-4563,Diabetes,UK
13,OITRC,oitrc@example.com,578-84-1513,Cancer,Australia
14,QBTCQ,qbtcq@example.com,133-14-3281,Diabetes,USA
15,FBPBW,fbpbw@example.com,729-99-1667,Asthma,USA
16,MBCGX,mbcgx@example.com,290-40-7898,Asthma,Australia
17,GKEKR,gkekr@example.com,727-73-8059,Flu,Australia
18,DYGRL,dygrl@example.com,183-78-1700,Hypertension,UK
19,NOYNV,,989-18-6989,Asthma,Australia
20,VKDMB,vkdmb@example.com,485-58-6013,Diabetes,Canada
21,KEDOA,kedoa@example.com,720-28-7847,Cancer,India
22,QHUKE,qhuke@example.com,429-75-6534,Hypertension,USA
23,XJTLV,xjtlv@example.com,280-25-3420,Asthma,Canada
24,LVWZN,lvwzn@example.com,502-57-8332,Hypertension,Canada
25,ERSZS,erszs@example.com,484-10-9316,Flu,UK
26,POQRG,poqrg@example.com,307-60-5740,Diabetes,UK
27,OTRNR,,486-26-9252,Diabetes,UK
28,QXOWL,qxowl@example.com,412-10-1247,Diabetes,UK
29,ASAUX,asaux@example.com,676-98-5853,Diabetes,India
30,JZBCA,,538-47-9553,Diabetes,UK
31,DDPEN,ddpen@example.com,730-82-3066,Flu,Canada
32,GHWGZ,ghwgz@example.com,865-79-3794,Flu,Australia
33,TYQXP,tyqxp@example.com,124-40-2854,Asthma,Canada
34,SSRVO,ssrvo@example.com,834-63-3712,Flu,Canada
35,NKASV,nkasv@example.com,199-19-4579,Diabetes,Australia
36,KCCIT,kccit@example.com,471-57-3149,Hypertension,UK
37,YTXEJ,ytxej@example.com,204-87-9600,Diabetes,USA
38,ANQAU,anqau@example.com,163-23-2532,Flu,UK
39,TXHIM,,420-88-5186,Flu,Canada
40,WPEKY,wpeky@example.com,167-71-7778,Diabetes,India
41,EVAGT,evagt@example.com,163-34-4792,Asthma,UK
42,WGDGV,wgdgv@example.com,987-94-4484,Cancer,USA
43,KMDWZ,kmdwz@example.com,275-49-6483,Hypertension,Canada
44,UEXAE,,788-48-2053,Cancer,USA
45,FXOPK,fxopk@example.com,953-79-5962,Diabetes,USA
46,SDDGW,,302-57-3506,Asthma,USA
47,PZBNQ,pzbnq@example.com,761-51-6318,Flu,USA
48,OIQFA,,564-52-3731,Hypertension,UK
49,SDXPT,,230-90-1449,Asthma,Australia
50,WCYJE,wcyje@example.com,535-37-8978,Cancer,Australia
51,GNXXO,gnxxo@example.com,987-22-6331,Hypertension,USA
52,XJIOK,xjiok@example.com,859-75-1137,Flu,India
53,TMJEJ,tmjej@example.com,905-57-1408,Cancer,Canada
54,FAJMU,fajmu@example.com,218-55-3743,Hypertension,USA
55,FNRVR,fnrvr@example.com,711-81-3215,Diabetes,USA
56,HGYUR,hgyur@example.com,441-35-4457,Flu,Canada
57,YICVN,yicvn@example.com,412-86-3853,Flu,Canada
58,KLTCL,kltcl@example.com,193-99-6098,Cancer,Australia
59,GBGZN,gbgzn@example.com,751-39-7436,Asthma,India
60,WXNOA,wxnoa@example.com,946-29-8567,Hypertension,UK
61,MRALG,mralg@example.com,780-32-8977,Diabetes,India
62,HCXOA,hcxoa@example.com,644-63-1043,Hypertension,India
63,SHXKH,shxkh@example.com,402-48-1995,Hypertension,USA
64,KPSRS,kpsrs@example.com,911-34-7700,Hypertension,USA
65,GVCEP,gvcep@example.com,526-80-8514,Asthma,India
66,XNTKA,xntka@example.com,856-30-3380,Flu,India
67,QJLFJ,qjlfj@example.com,715-62-9436,Cancer,UK
68,DZWTE,dzwte@example.com,733-89-4098,Cancer,Canada
69,GDABI,gdabi@example.com,510-69-7059,Asthma,Canada
70,PHDLY,phdly@example.com,270-88-5885,Flu,UK
71,DELHN,delhn@example.com,148-27-4330,Flu,USA
72,SJGTA,sjgta@example.com,108-74-1399,Asthma,India
73,YPEZU,ypezu@example.com,294-40-1444,Hypertension,Australia
74,XOPFB,xopfb@example.com,922-42-8229,Hypertension,India
75,RCGXW,rcgxw@example.com,805-89-5255,Flu,Australia
76,AQINN,aqinn@example.com,285-59-8573,Flu,USA
77,PJHAZ,pjhaz@example.com,668-11-1730,Flu,Canada
78,ORVZU,orvzu@example.com,144-51-9371,Hypertension,Canada
79,IDTHM,idthm@example.com,470-58-2933,Hypertension,UK
80,RRYVJ,,745-35-2045,Asthma,Canada
81,LAYPA,laypa@example.com,700-91-3673,Flu,UK
82,WIVHC,wivhc@example.com,275-32-6306,Asthma,Australia
83,MJLXD,mjlxd@example.com,669-89-5482,Asthma,UK
84,YBWSS,ybwss@example.com,328-39-1832,Flu,India
85,HVPNV,hvpnv@example.com,378-47-8209,Hypertension,India
86,QJZRF,,809-25-4651,Hypertension,India
87,BPOKF,bpokf@example.com,253-91-8725,Hypertension,UK
88,FLDFN,fldfn@example.com,989-62-6771,Diabetes,Australia
89,JZRWY,jzrwy@example.com,120-66-6412,Hypertension,Canada
90,XQCZT,xqczt@example.com,530-77-9876,Hypertension,USA
91,ZHZBS,zhzbs@example.com,154-53-3236,Flu,Canada
92,YHRSV,yhrsv@example.com,167-82-1241,Hypertension,USA
93,HWRTO,,829-84-8888,Asthma,Canada
94,ODXPS,odxps@example.com,484-57-4464,Asthma,Australia
95,JYEHS,jyehs@example.com,617-13-7793,Hypertension,UK
96,UZHQO,uzhqo@example.com,123-82-3704,Diabetes,Canada
97,BSKRI,bskri@example.com,536-76-2271,Hypertension,Canada
98,ADESC,adesc@example.com,817-37-2753,Flu,India
99,MNQIK,mnqik@example.com,790-32-2926,Hypertension,USA
100,XKSOP,xksop@example.com,249-82-8667,Hypertension,Canada
101,MKWAU,mkwau@example.com,490-56-5747,Hypertension,USA
102,ONRPE,onrpe@example.com,577-57-7371,Diabetes,USA
103,HUCTW,huctw@example.com,205-41-5302,Hypertension,USA
104,KNSER,knser@example.com,527-13-1871,Cancer,USA
105,NDHDI,ndhdi@example.com,750-59-9713,Cancer,Australia
106,CFSDB,cfsdb@example.com,692-97-8438,Cancer,India
107,TMKPQ,tmkpq@example.com,175-46-7049,Hypertension,USA
108,MJTAR,mjtar@example.com,201-40-7443,Flu,India
109,QJKNE,qjkne@example.com,370-60-1494,Flu,Australia
110,TAHWK,tahwk@example.com,806-38-4729,Asthma,USA
111,MCXRE,mcxre@example.com,934-41-5251,Hypertension,Australia
112,RLEON,rleon@example.com,105-27-4633,Hypertension,Australia
113,FGWDX,fgwdx@example.com,305-69-6154,Flu,UK
114,OYFYE,oyfye@example.com,477-48-2833,Hypertension,India
115,MWTQA,mwtqa@example.com,957-72-6175,Diabetes,India
116,LOXYE,loxye@example.com,540-30-1329,Asthma,Australia
117,XPGVY,xpgvy@example.com,731-43-9762,Flu,Australia
118,PLXJE,plxje@example.com,262-45-9792,Hypertension,Australia
119,VIONC,vionc@example.com,934-62-5913,Cancer,Australia
120,SGYGH,sgygh@example.com,527-76-6383,Cancer,Australia
121,LUXLM,luxlm@example.com,696-61-4426,Diabetes,India
122,GUSKD,guskd@example.com,988-85-7981,Hypertension,Australia
123,WLPWL,wlpwl@example.com,625-20-8005,Asthma,Australia
124,TJSIY,tjsiy@example.com,400-87-4086,Asthma,India
125,ZBVWU,zbvwu@example.com,111-46-1901,Flu,India
126,BCPJS,bcpjs@example.com,255-14-8970,Flu,India
127,WNBOD,wnbod@example.com,275-79-4359,Flu,USA
128,EFJIV,efjiv@example.com,725-99-8052,Diabetes,India
129,NYUEC,nyuec@example.com,533-82-7454,Diabetes,India
130,EPCSF,epcsf@example.com,305-23-6971,Diabetes,India
131,NGSSJ,ngssj@example.com,830-22-2971,Flu,UK
132,LAYUL,layul@example.com,887-33-9828,Cancer,India
133,XNMET,xnmet@example.com,397-46-7269,Cancer,Australia
134,VNNHK,vnnhk@example.com,339-40-2874,Cancer,Australia
135,DLRJN,dlrjn@example.com,250-49-5144,Asthma,UK
136,RKXVK,rkxvk@example.com,166-83-6077,Diabetes,Canada
137,UJNAJ,ujnaj@example.com,458-94-1694,Diabetes,Canada
138,ZJADK,zjadk@example.com,802-56-5890,Asthma,Australia
139,HFNQP,hfnqp@example.com,558-79-9177,Cancer,UK
140,UTLTW,utltw@example.com,996-74-2623,Hypertension,UK
141,YCSWE,ycswe@example.com,698-42-1767,Asthma,USA
142,OQTYG,oqtyg@example.com,154-29-9284,Flu,Canada
143,CSEWV,csewv@example.com,205-20-8959,Asthma,UK
144,GOKHX,gokhx@example.com,400-61-2439,Hypertension,USA
145,MOPIU,mopiu@example.com,670-33-9233,Flu,Australia
146,NFVUH,nfvuh@example.com,993-64-6317,Diabetes,Australia
147,YDQIV,ydqiv@example.com,896-64-5178,Flu,USA
148,TQTJH,tqtjh@example.com,411-32-2672,Diabetes,India
149,FGUDZ,fgudz@example.com,757-43-3806,Flu,UK
150,YWBJG,ywbjg@example.com,641-28-1699,Diabetes,UK
151,AOUQN,,289-28-9852,Cancer,UK
152,LMSAY,lmsay@example.com,983-65-7533,Asthma,UK
153,EHBOI,ehboi@example.com,962-91-5990,Hypertension,India
154,GXLBO,gxlbo@example.com,715-13-5453,Flu,Canada
155,XPAFD,xpafd@example.com,860-79-9445,Cancer,Australia
156,BGXUU,bgxuu@example.com,366-83-4927,Hypertension,Australia
157,TSAWN,tsawn@example.com,497-70-3624,Hypertension,USA
158,LPDWM,lpdwm@example.com,608-43-3813,Diabetes,UK
159,JLAMR,jlamr@example.com,541-58-5196,Diabetes,Canada
160,ENAXU,enaxu@example.com,708-99-2698,Cancer,Australia
161,JFNCR,jfncr@example.com,140-85-3835,Hypertension,India
162,HZLPZ,hzlpz@example.com,273-91-4916,Hypertension,Australia
163,EKTMG,ektmg@example.com,524-25-2362,Diabetes,USA
164,GKJGO,gkjgo@example.com,679-11-1065,Asthma,USA
165,VHSYD,vhsyd@example.com,597-31-2005,Cancer,Australia
166,UBUDV,ubudv@example.com,419-14-3264,Hypertension,India
167,NOUDK,noudk@example.com,333-47-8491,Asthma,Australia
168,LSLTS,lslts@example.com,126-68-9901,Cancer,India
169,YKXYM,ykxym@example.com,240-35-5866,Diabetes,Australia
170,VFUEF,vfuef@example.com,862-92-2915,Diabetes,USA
171,JBFKH,jbfkh@example.com,817-38-5935,Flu,Australia
172,BWRHR,bwrhr@example.com,945-47-7084,Cancer,Australia
173,LRHUA,lrhua@example.com,659-51-7734,Hypertension,UK
174,IPQSN,ipqsn@example.com,768-18-3158,Diabetes,Canada
175,IAAFM,iaafm@example.com,169-92-5916,Flu,Canada
176,OWPGR,owpgr@example.com,448-61-8202,Flu,India
177,YMQHB,ymqhb@example.com,581-86-2947,Flu,UK
178,AKCPH,akcph@example.com,923-26-5735,Flu,India
179,RNIOI,rnioi@example.com,249-66-9969,Diabetes,India
180,AFQZF,afqzf@example.com,375-56-2275,Hypertension,UK
181,RYMYS,rymys@example.com,612-66-2678,Asthma,UK
182,IUGHL,iughl@example.com,482-31-6997,Cancer,USA
183,JCWXK,jcwxk@example.com,224-95-2185,Cancer,Australia
184,ITGDT,itgdt@example.com,729-56-7726,Asthma,India
185,UADGG,uadgg@example.com,994-38-9787,Diabetes,USA
186,XHGBI,xhgbi@example.com,895-31-2407,Diabetes,Canada
187,LNVHY,lnvhy@example.com,509-13-5245,Cancer,Australia
188,PBCNE,pbcne@example.com,192-92-4423,Flu,India
189,OFILL,ofill@example.com,881-72-9720,Asthma,UK
190,BURWG,burwg@example.com,617-99-3102,Flu,UK
191,WKOEG,wkoeg@example.com,102-94-3493,Flu,USA
192,XBJCI,xbjci@example.com,642-77-4354,Cancer,Canada
193,VLBDQ,,899-14-5239,Hypertension,Canada
194,CKKWK,ckkwk@example.com,732-73-3375,Flu,USA
195,GDLLZ,gdllz@example.com,750-28-5647,Hypertension,USA
196,SWEZC,swezc@example.com,775-38-1934,Cancer,Australia
197,NZAYU,nzayu@example.com,422-36-4940,Diabetes,Australia
198,SZWKU,szwku@example.com,621-91-4716,Asthma,UK
199,GBBBK,,557-47-9815,Diabetes,USA
200,NYOMH,nyomh@example.com,265-71-3838,Hypertension,Australia
201,VRKFS,vrkfs@example.com,514-22-2825,Asthma,Canada
202,ORHIT,orhit@example.com,954-47-1772,Asthma,India
203,DIHTS,dihts@example.com,528-10-2468,Diabetes,India
204,ILPEX,ilpex@example.com,371-20-5045,Flu,USA
205,LVYDK,lvydk@example.com,864-78-2245,Diabetes,Canada
206,HWHDY,hwhdy@example.com,307-66-7802,Asthma,Canada
207,QLRUU,qlruu@example.com,621-63-2695,Diabetes,Australia
208,GBDCY,gbdcy@example.com,274-84-7939,Cancer,USA
209,DPWCH,dpwch@example.com,747-80-7344,Diabetes,Australia
210,ENUTY,enuty@example.com,376-27-8585,Diabetes,UK
211,UIRDD,uirdd@example.com,687-53-2439,Flu,India
212,LUJDG,lujdg@example.com,404-75-1894,Hypertension,India
213,OVLYD,ovlyd@example.com,769-51-9131,Diabetes,India
214,SCQBT,scqbt@example.com,649-21-4948,Diabetes,India
215,BHIWT,bhiwt@example.com,259-33-2177,Flu,India
216,FCNLX,,333-47-1525,Flu,Canada
217,OVIYX,,497-45-3528,Hypertension,Australia
218,SQJHR,sqjhr@example.com,264-51-8301,Diabetes,USA
219,VRZUM,vrzum@example.com,901-61-1154,Hypertension,Australia
220,PJVKX,pjvkx@example.com,850-67-4305,Diabetes,UK
221,PBCFS,,800-78-1073,Cancer,India
222,BCKHJ,bckhj@example.com,896-85-6483,Asthma,USA
223,KAQCK,kaqck@example.com,340-48-9886,Flu,Australia
224,HBTUQ,,969-56-3346,Cancer,Canada
225,SZNIX,sznix@example.com,358-25-5644,Cancer,Canada
226,JPJTL,jpjtl@example.com,813-13-6289,Asthma,Canada
227,NEGAW,negaw@example.com,171-26-3512,Asthma,India
228,RAJVQ,rajvq@example.com,102-92-7306,Hypertension,India
229,JCXWP,jcxwp@example.com,960-88-8517,Hypertension,USA
230,NPKXN,npkxn@example.com,905-93-5895,Hypertension,India
231,OLURC,olurc@example.com,779-93-9060,Flu,UK
232,HQHOI,hqhoi@example.com,651-77-5974,Hypertension,India
233,PDOBD,,154-99-5593,Cancer,Canada
234,JNSCI,jnsci@example.com,781-32-2987,Asthma,India
235,RQOEJ,,854-14-4650,Asthma,USA
236,HDFEX,,153-66-7405,Hypertension,India
237,VXSBU,vxsbu@example.com,771-51-5484,Hypertension,USA
238,XSHTC,,566-42-4593,Diabetes,Canada
239,OHFBH,ohfbh@example.com,567-16-1026,Diabetes,USA
240,WUIJW,wuijw@example.com,583-62-9783,Cancer,Canada
241,KYOKZ,kyokz@example.com,394-33-4413,Cancer,Australia
242,WAQWH,waqwh@example.com,974-61-8176,Flu,Canada
243,VESTN,vestn@example.com,769-51-6627,Flu,Australia
244,NPKYY,npkyy@example.com,515-66-6662,Flu,USA
245,WITGY,witgy@example.com,948-91-3079,Diabetes,Canada
246,WLWMS,wlwms@example.com,126-18-3255,Flu,India
247,RSUVD,rsuvd@example.com,284-34-8380,Flu,USA
248,FNFQV,fnfqv@example.com,313-82-3198,Cancer,UK
249,KOBCM,kobcm@example.com,976-48-1317,Flu,India
250,DVINV,dvinv@example.com,690-17-6016,Flu,Canada
251,JDPXS,jdpxs@example.com,748-99-1309,Hypertension,USA
252,GYAPS,gyaps@example.com,530-87-8670,Asthma,UK
253,WTYRF,wtyrf@example.com,865-79-1638,Flu,Australia
254,PXRUJ,pxruj@example.com,210-92-3396,Flu,Australia
255,UNZYT,unzyt@example.com,988-11-4139,Asthma,Canada
256,TURHM,,300-36-7789,Flu,Canada
257,FDRVA,fdrva@example.com,854-20-9937,Asthma,Australia
258,TTCVA,ttcva@example.com,472-88-9317,Asthma,USA
259,ZQKIR,zqkir@example.com,824-86-7756,Asthma,UK
260,RANTS,rants@example.com,613-35-3900,Flu,Canada
261,RDYOJ,rdyoj@example.com,207-66-3123,Flu,Canada
262,VWLIF,,576-18-2037,Diabetes,Canada
263,HNVAT,hnvat@example.com,659-19-7758,Asthma,USA
264,GESIW,gesiw@example.com,830-82-3556,Diabetes,India
265,BCHKF,bchkf@example.com,286-54-7741,Hypertension,India
266,RIFXO,rifxo@example.com,733-42-2739,Hypertension,Canada
267,CJFXD,cjfxd@example.com,267-27-3658,Flu,Australia
268,ESEIB,eseib@example.com,821-80-9326,Asthma,UK
269,KYPEX,kypex@example.com,406-98-7314,Flu,Canada
270,VQPRR,vqprr@example.com,207-52-5222,Cancer,Australia
271,PLUPU,,439-65-5760,Flu,India
272,WFKGD,wfkgd@example.com,180-58-8612,Hypertension,USA
273,JGMVU,jgmvu@example.com,205-72-6994,Hypertension,Australia
274,YTKHP,,188-11-4416,Flu,Canada
275,RXVFU,rxvfu@example.com,976-84-4032,Hypertension,Canada
276,YMGNX,ymgnx@example.com,704-97-4760,Hypertension,India
277,FXBDO,fxbdo@example.com,338-19-4805,Diabetes,UK
278,TTYYT,ttyyt@example.com,171-88-9032,Asthma,USA
279,ALJAO,aljao@example.com,486-53-6944,Hypertension,Canada
280,XKMFW,xkmfw@example.com,316-42-9719,Asthma,India
281,PFBJG,pfbjg@example.com,276-43-7188,Hypertension,Australia
282,QHUNC,qhunc@example.com,935-54-7496,Flu,USA
283,RPVNQ,rpvnq@example.com,665-73-6959,Diabetes,India
284,ZULWJ,,169-98-5155,Hypertension,Canada
285,OOIEZ,ooiez@example.com,755-58-3782,Asthma,UK
286,IRREE,,432-20-7904,Diabetes,Canada
287,SLOBW,slobw@example.com,916-94-6097,Flu,India
288,XNRXB,xnrxb@example.com,766-34-3820,Asthma,UK
289,YRCVX,yrcvx@example.com,424-73-5251,Diabetes,UK
290,GBYRS,gbyrs@example.com,975-52-5872,Flu,India
291,VUIRE,vuire@example.com,399-75-7120,Hypertension,USA
292,BLUIP,bluip@example.com,262-14-3049,Diabetes,Australia
293,UZUBZ,uzubz@example.com,586-73-5041,Asthma,UK
294,JEWMX,,196-85-1001,Hypertension,India
295,WZOPA,wzopa@example.com,588-38-2131,Hypertension,Australia
296,XPIES,xpies@example.com,242-97-9485,Asthma,Australia
297,BGAPB,bgapb@example.com,827-18-5940,Asthma,Canada
298,PQEOV,pqeov@example.com,670-63-1922,Cancer,USA
299,BLMZZ,,999-63-1384,Cancer,Australia
300,UMCII,umcii@example.com,231-56-6077,Hypertension,Canada
301,KATKN,katkn@example.com,372-68-9369,Asthma,Australia
302,PDRQE,pdrqe@example.com,305-60-2510,Hypertension,UK
303,SNLPH,snlph@example.com,217-76-2242,Flu,USA
304,WVLFG,wvlfg@example.com,673-54-8115,Flu,USA
305,UXPDX,uxpdx@example.com,267-13-5372,Cancer,USA
306,CAFIJ,cafij@example.com,175-60-8341,Cancer,Australia
307,RGDAV,rgdav@example.com,193-37-4277,Cancer,Canada
308,VSEEJ,vseej@example.com,251-27-6259,Flu,Canada
309,PYLHQ,pylhq@example.com,599-18-3413,Hypertension,UK
310,SEROF,serof@example.com,232-43-1027,Asthma,USA
311,WWLEZ,,532-95-9483,Hypertension,India
312,SAZPX,sazpx@example.com,938-41-7474,Diabetes,USA
313,ILYHS,ilyhs@example.com,804-99-6257,Asthma,UK
314,KVFPA,kvfpa@example.com,172-65-7664,Hypertension,India
315,KMVYY,kmvyy@example.com,267-37-9566,Hypertension,UK
316,JRLHT,jrlht@example.com,513-56-4597,Diabetes,Canada
317,JJOJK,jjojk@example.com,428-80-3663,Flu,India
318,GSCWI,gscwi@example.com,856-27-1190,Asthma,Canada
319,YKDIS,ykdis@example.com,167-63-9871,Flu,India
320,BREXI,brexi@example.com,979-50-8021,Cancer,India
321,XVLMF,xvlmf@example.com,608-50-8173,Cancer,UK
322,YQZWV,yqzwv@example.com,432-21-2907,Diabetes,Australia
323,QUEZP,quezp@example.com,149-90-6863,Cancer,USA
324,BRCKK,brckk@example.com,329-98-1005,Hypertension,India
325,ZIKWR,zikwr@example.com,685-76-8446,Asthma,UK
326,VPXFV,vpxfv@example.com,312-99-4589,Flu,UK
327,JKBST,jkbst@example.com,366-48-1558,Cancer,Canada
328,WUZFA,wuzfa@example.com,118-37-4878,Cancer,USA
329,DCNWV,dcnwv@example.com,351-13-4646,Flu,Canada
330,VLAED,vlaed@example.com,307-48-6400,Diabetes,USA
331,RARYA,rarya@example.com,447-92-3897,Asthma,UK
332,GMIAD,gmiad@example.com,893-47-2125,Hypertension,USA
333,VVMCR,vvmcr@example.com,177-96-2299,Diabetes,Canada
334,TATNH,tatnh@example.com,418-23-9147,Diabetes,Australia
335,NLBTK,nlbtk@example.com,651-22-9132,Asthma,Canada
336,LGJQY,lgjqy@example.com,942-85-7855,Hypertension,Canada
337,GJSAY,gjsay@example.com,321-60-5818,Flu,Australia
338,XCRYS,xcrys@example.com,746-44-3507,Cancer,Australia
339,XJYME,xjyme@example.com,974-33-9952,Cancer,India
340,LGBFI,lgbfi@example.com,788-56-3970,Cancer,Australia
341,AKCYR,akcyr@example.com,677-10-6161,Flu,India
342,JJEIQ,,607-45-1835,Cancer,USA
343,CDIYC,cdiyc@example.com,328-66-1325,Cancer,Canada
344,GBNSZ,gbnsz@example.com,855-85-9122,Flu,Australia
345,QQCIC,qqcic@example.com,437-28-6345,Cancer,UK
346,HBMHZ,hbmhz@example.com,202-10-1913,Diabetes,Australia
347,UAICT,uaict@example.com,237-98-3580,Hypertension,Australia
348,RNVAR,rnvar@example.com,331-87-5426,Diabetes,Canada
349,FIKSC,fiksc@example.com,980-27-5788,Flu,USA
350,LYZAI,lyzai@example.com,735-92-8934,Cancer,USA
351,OCWIF,ocwif@example.com,735-20-8703,Diabetes,India
352,LKBDE,lkbde@example.com,761-94-1667,Hypertension,India
353,SRXZD,srxzd@example.com,627-43-3192,Cancer,UK
354,HWKYW,hwkyw@example.com,684-83-7711,Diabetes,USA
355,BXRKT,bxrkt@example.com,582-35-9764,Cancer,Canada
356,UXYSZ,uxysz@example.com,587-96-4209,Hypertension,UK
357,PUFNQ,pufnq@example.com,869-99-6673,Cancer,Canada
358,ONZIE,onzie@example.com,702-33-4018,Asthma,India
359,ZZFXN,zzfxn@example.com,203-34-9846,Flu,USA
360,FTQKF,,296-81-4495,Cancer,Canada
361,CHRCA,chrca@example.com,518-66-1029,Diabetes,Australia
362,HYVMK,hyvmk@example.com,912-80-5786,Asthma,USA
363,WOYDR,woydr@example.com,763-96-7025,Diabetes,India
364,NTNXK,ntnxk@example.com,515-90-7848,Diabetes,USA
365,BBXVC,bbxvc@example.com,429-33-8237,Diabetes,UK
366,ESYNS,esyns@example.com,323-12-8016,Flu,Australia
367,ZUIPN,,473-66-3430,Cancer,USA
368,VDJVT,,577-52-1837,Diabetes,UK
369,FQFXC,fqfxc@example.com,630-71-5867,Cancer,Canada
370,JYUWX,jyuwx@example.com,939-85-2586,Diabetes,USA
371,DLFJX,dlfjx@example.com,429-58-9381,Cancer,Canada
372,MRRWK,mrrwk@example.com,618-41-9979,Diabetes,India
373,ABRBT,abrbt@example.com,572-21-6057,Asthma,Australia
374,WYNWJ,wynwj@example.com,123-36-6852,Flu,Canada
375,IOBJI,iobji@example.com,886-56-3379,Diabetes,India
376,NBOGI,nbogi@example.com,609-94-1673,Asthma,Australia
377,NLXZS,,406-62-9250,Hypertension,UK
378,EZAZR,ezazr@example.com,430-69-6365,Diabetes,Australia
379,TYRNC,tyrnc@example.com,948-57-8180,Cancer,UK
380,KKXBL,kkxbl@example.com,767-84-4759,Flu,Canada
381,BDHIA,bdhia@example.com,270-50-1638,Flu,USA
382,QHPJA,qhpja@example.com,252-44-3983,Flu,UK
383,QBAVS,qbavs@example.com,774-40-7510,Flu,India
384,JEMTE,jemte@example.com,451-93-3170,Diabetes,Australia
385,TNLDP,tnldp@example.com,137-24-7798,Cancer,Australia
386,QLNKK,qlnkk@example.com,754-90-3940,Flu,UK
387,UCLKD,uclkd@example.com,341-73-4374,Asthma,USA
388,MNWAX,mnwax@example.com,746-11-5014,Asthma,USA
389,HMQQF,hmqqf@example.com,468-20-2811,Cancer,USA
390,YQXIL,yqxil@example.com,894-95-8698,Asthma,India
391,BANFN,banfn@example.com,946-68-7444,Flu,USA
392,JEAGL,jeagl@example.com,165-69-4863,Asthma,India
393,IAFIC,iafic@example.com,833-81-2719,Cancer,Canada
394,CAJYB,cajyb@example.com,888-72-6872,Hypertension,Canada
395,UAZBN,uazbn@example.com,106-31-9604,Asthma,Canada
396,OONKW,oonkw@example.com,507-86-1893,Diabetes,UK
397,ZFSYY,zfsyy@example.com,318-14-1697,Flu,India
398,DXJXO,dxjxo@example.com,189-50-5240,Cancer,India
399,UADWE,uadwe@example.com,804-10-6498,Asthma,Australia
400,TBSNR,tbsnr@example.com,887-72-1039,Asthma,USA
401,ZYPWZ,zypwz@example.com,805-47-1133,Cancer,USA
402,YTQWT,ytqwt@example.com,190-39-3669,Flu,Australia
403,ETQWL,,972-58-7261,Asthma,UK
404,GSQZS,gsqzs@example.com,728-69-1949,Asthma,UK
405,XOKTX,xoktx@example.com,219-90-6945,Cancer,USA
406,ZEEOT,zeeot@example.com,692-38-8006,Hypertension,India
407,ZBGZW,zbgzw@example.com,611-78-3084,Asthma,Australia
408,TLALJ,tlalj@example.com,668-92-6704,Diabetes,UK
409,THKUP,thkup@example.com,678-27-8407,Flu,Australia
410,AUMLY,aumly@example.com,314-48-7402,Diabetes,Australia
411,FJORQ,fjorq@example.com,306-62-1615,Hypertension,UK
412,MVSJY,mvsjy@example.com,644-71-5953,Flu,India
413,SDCCH,sdcch@example.com,533-86-8260,Hypertension,UK
414,UGRID,ugrid@example.com,621-38-6528,Asthma,India
415,JURNA,jurna@example.com,720-46-5073,Diabetes,USA
416,GZKBA,gzkba@example.com,493-85-5687,Flu,India
417,UWJHX,uwjhx@example.com,945-58-4969,Hypertension,USA
418,DYIYM,dyiym@example.com,429-85-4887,Asthma,Australia
419,DYSPA,dyspa@example.com,174-68-5372,Hypertension,UK
420,IGGTX,iggtx@example.com,690-85-4990,Flu,USA
421,XDWET,xdwet@example.com,989-64-4221,Diabetes,USA
422,EKEYN,ekeyn@example.com,483-86-7044,Hypertension,Canada
423,OSTIA,ostia@example.com,629-70-4320,Asthma,UK
424,GNOUJ,,154-80-9274,Flu,India
425,VABDS,vabds@example.com,178-23-3396,Flu,UK
426,ETTQY,ettqy@example.com,547-78-4135,Diabetes,UK
427,UTZTD,utztd@example.com,387-30-4012,Flu,India
428,DDUDL,ddudl@example.com,813-14-5759,Cancer,Canada
429,UQTEG,uqteg@example.com,727-11-6817,Diabetes,UK
430,MUDBF,mudbf@example.com,857-15-8985,Diabetes,USA
431,QFKDF,qfkdf@example.com,352-11-6751,Asthma,Australia
432,EKVHE,ekvhe@example.com,881-27-9414,Asthma,USA
433,RIOVI,riovi@example.com,600-65-1573,Flu,Canada
434,CMNJV,cmnjv@example.com,198-91-7103,Diabetes,India
435,DEJRK,dejrk@example.com,902-38-6104,Hypertension,UK
436,XRKEE,,860-59-8556,Asthma,UK
437,ORYPV,orypv@example.com,129-46-7099,Cancer,Canada
438,NYDVD,nydvd@example.com,852-53-4656,Cancer,Australia
439,FJRCO,fjrco@example.com,313-92-8421,Cancer,UK
440,ENMCV,enmcv@example.com,854-76-1363,Diabetes,Canada
441,WZJAO,wzjao@example.com,147-70-2807,Diabetes,Canada
442,LNAUE,,587-80-7346,Cancer,India
443,YQCLT,yqclt@example.com,363-14-1194,Cancer,India
444,XIOBW,xiobw@example.com,238-90-7935,Flu,USA
445,TICZJ,ticzj@example.com,528-61-6338,Asthma,UK
446,MDZWA,mdzwa@example.com,467-82-5858,Asthma,USA
447,VOVER,vover@example.com,708-64-8539,Diabetes,USA
448,WIKVL,,915-41-1161,Diabetes,USA
449,YFGAY,yfgay@example.com,465-96-5601,Flu,India
450,AWTHH,awthh@example.com,348-93-3088,Flu,Canada
451,ORFWZ,,111-30-2997,Asthma,Canada
452,OLBIW,olbiw@example.com,681-92-6316,Diabetes,Australia
453,DBCNS,dbcns@example.com,273-35-9912,Cancer,UK
454,ZQLUD,,164-31-5559,Hypertension,Canada
455,TQNCH,,157-63-9036,Flu,USA
456,WXTLG,wxtlg@example.com,555-54-2169,Asthma,Australia
457,SLPSN,slpsn@example.com,337-38-7631,Cancer,Canada
458,AHZVB,ahzvb@example.com,266-55-2417,Cancer,Australia
459,YCTEB,ycteb@example.com,237-74-8971,Diabetes,UK
460,EXGGW,exggw@example.com,623-34-5284,Hypertension,Canada
461,SVQFL,svqfl@example.com,960-64-5838,Asthma,India
462,YVVEP,yvvep@example.com,524-79-2760,Cancer,USA
463,UAJNV,uajnv@example.com,204-40-1975,Cancer,UK
464,NQYXU,nqyxu@example.com,703-16-4935,Flu,India
465,JKPIF,,844-32-5556,Hypertension,UK
466,VHVNP,,937-16-6372,Hypertension,Canada
467,ZULSV,zulsv@example.com,423-75-4588,Asthma,UK
468,NFHJG,,331-24-1923,Cancer,UK
469,SHRXG,shrxg@example.com,496-40-9245,Hypertension,Australia
470,OMYCV,omycv@example.com,690-28-2838,Diabetes,USA
471,HIDLG,hidlg@example.com,162-64-4648,Cancer,Canada
472,KHTQF,khtqf@example.com,342-77-8093,Diabetes,UK
473,SAMFH,samfh@example.com,631-29-4526,Hypertension,Australia
474,ANNSO,annso@example.com,417-50-5297,Diabetes,India
475,NWYBC,nwybc@example.com,744-53-8416,Cancer,UK
476,FMJYO,,836-60-8995,Hypertension,UK
477,AJDMU,ajdmu@example.com,339-83-4753,Diabetes,USA
478,DPTYK,dptyk@example.com,327-12-2237,Flu,USA
479,VSURQ,vsurq@example.com,996-86-6386,Diabetes,India
480,OBWLZ,obwlz@example.com,640-65-6103,Asthma,Canada
481,SJCNN,sjcnn@example.com,328-27-9455,Asthma,USA
482,ZRXPY,zrxpy@example.com,834-32-6542,Asthma,Canada
483,HYAZG,hyazg@example.com,881-82-3690,Hypertension,Australia
484,JVDCC,jvdcc@example.com,946-21-7631,Cancer,Australia
485,TEAWG,teawg@example.com,499-50-5082,Diabetes,USA
486,HZBMH,hzbmh@example.com,143-45-1266,Hypertension,USA
487,YHPSL,yhpsl@example.com,864-51-3308,Asthma,USA
488,ONTFS,ontfs@example.com,297-86-7081,Diabetes,India
489,ZRHYK,zrhyk@example.com,830-54-1105,Cancer,USA
490,WPKMD,wpkmd@example.com,675-40-6451,Hypertension,India
491,OCHTD,ochtd@example.com,589-42-4808,Cancer,India
492,ATXDH,atxdh@example.com,778-71-8451,Cancer,USA
493,RJQOG,rjqog@example.com,917-63-6365,Cancer,USA
494,ZHVWF,zhvwf@example.com,364-99-2957,Diabetes,Australia
495,TOEUL,toeul@example.com,488-33-4769,Cancer,USA
496,CTEJR,ctejr@example.com,310-38-7675,Cancer,India
497,BIANK,biank@example.com,497-47-9893,Hypertension,UK
498,UKFBM,ukfbm@example.com,681-86-6632,Cancer,India
499,AQPRS,aqprs@example.com,212-48-7398,Asthma,Canada
500,GMSAM,gmsam@example.com,699-48-2948,Asthma,UK
