sensor_id,machine_id,timestamp,temperature,pressure,vibration,status
S-1000,M-300,2026-01-01 00:00:00,81.09,5.29,4.73,Maintenance
S-1001,M-100,2026-01-01 00:15:00,53.65,2.75,4.32,Running
S-1002,M-300,2026-01-01 00:30:00,93.3,2.4,3.82,Running
S-1003,M-300,2026-01-01 00:45:00,87.66,8.88,3.96,Warning
S-1004,M-300,2026-01-01 01:00:00,35.94,9.98,2.44,Maintenance
S-1005,M-400,2026-01-01 01:15:00,92.9,4.47,1.36,Running
S-1006,M-400,2026-01-01 01:30:00,91.98,5.61,0.18,Warning
S-1007,M-500,2026-01-01 01:45:00,74.92,1.21,4.99,Idle
S-1008,M-500,2026-01-01 02:00:00,36.99,3.51,4.65,Running
S-1009,M-100,2026-01-01 02:15:00,30.9,3.21,4.08,Running
S-1010,M-300,2026-01-01 02:30:00,88.32,4.16,3.83,Warning
S-1011,M-400,2026-01-01 02:45:00,64.26,8.9,0.28,Maintenance
S-1012,M-500,2026-01-01 03:00:00,93.23,5.6,4.54,Idle
S-1013,M-300,2026-01-01 03:15:00,79.33,9.71,3.87,Running
S-1014,M-500,2026-01-01 03:30:00,46.79,2.32,0.77,Warning
S-1015,M-300,2026-01-01 03:45:00,27.34,3.96,3.1,Idle
S-1016,M-400,2026-01-01 04:00:00,21.85,2.95,4.47,Maintenance
S-1017,M-300,2026-01-01 04:15:00,64.85,1.89,2.63,Maintenance
S-1018,M-100,2026-01-01 04:30:00,21.82,6.27,4.96,Idle
S-1019,M-300,2026-01-01 04:45:00,28.33,6.79,1.31,Running
S-1020,M-300,2026-01-01 05:00:00,76.5,5.81,0.33,Idle
S-1021,M-400,2026-01-01 05:15:00,93.11,5.86,2.3,Idle
S-1022,M-100,2026-01-01 05:30:00,63.36,5.09,2.84,Maintenance
S-1023,M-400,2026-01-01 05:45:00,83.15,4.4,3.1,Idle
S-1024,M-300,2026-01-01 06:00:00,25.13,6.87,1.3,Running
S-1025,M-200,2026-01-01 06:15:00,39.66,4.46,2.76,Warning
S-1026,M-300,2026-01-01 06:30:00,86.31,4.71,3.9,Warning
S-1027,M-500,2026-01-01 06:45:00,53.52,1.88,4.69,Idle
S-1028,M-200,2026-01-01 07:00:00,50.4,7.89,1.69,Maintenance
S-1029,M-500,2026-01-01 07:15:00,43.1,7.43,2.03,Idle
S-1030,M-500,2026-01-01 07:30:00,20.16,6.64,3.51,Maintenance
S-1031,M-200,2026-01-01 07:45:00,64.51,2.49,4.37,Idle
S-1032,M-200,2026-01-01 08:00:00,39.56,9.76,3.5,Running
S-1033,M-300,2026-01-01 08:15:00,34.26,3.7,1.74,Running
S-1034,M-500,2026-01-01 08:30:00,85.9,8.42,1.22,Warning
S-1035,M-300,2026-01-01 08:45:00,43.41,9.93,2.98,Maintenance
S-1036,M-200,2026-01-01 09:00:00,37.31,1.54,2.38,Idle
S-1037,M-200,2026-01-01 09:15:00,68.02,3.34,1.67,Idle
S-1038,M-200,2026-01-01 09:30:00,23.57,3.15,4.35,Running
S-1039,M-100,2026-01-01 09:45:00,85.83,1.55,4.81,Warning
S-1040,M-200,2026-01-01 10:00:00,27.29,2.51,1.98,Maintenance
S-1041,M-300,2026-01-01 10:15:00,32.31,8.86,2.47,Running
S-1042,M-500,2026-01-01 10:30:00,55.97,2.17,1.49,Maintenance
S-1043,M-300,2026-01-01 10:45:00,87.07,2.09,2.2,Maintenance
S-1044,M-500,2026-01-01 11:00:00,91.77,4.42,3.48,Running
S-1045,M-100,2026-01-01 11:15:00,35.89,9.06,0.82,Warning
S-1046,M-400,2026-01-01 11:30:00,76.47,2.32,1.57,Idle
S-1047,M-400,2026-01-01 11:45:00,27.04,2.13,0.86,Maintenance
S-1048,M-400,2026-01-01 12:00:00,59.45,6.62,1.86,Idle
S-1049,M-100,2026-01-01 12:15:00,37.39,4.7,4.25,Idle
S-1050,M-200,2026-01-01 12:30:00,84.87,8.05,2.0,Idle
S-1051,M-500,2026-01-01 12:45:00,93.07,3.98,4.32,Maintenance
S-1052,M-400,2026-01-01 13:00:00,81.43,4.81,2.17,Idle
S-1053,M-500,2026-01-01 13:15:00,88.23,2.77,4.19,Running
S-1054,M-400,2026-01-01 13:30:00,84.26,9.0,3.45,Maintenance
S-1055,M-400,2026-01-01 13:45:00,42.34,6.08,4.32,Maintenance
S-1056,M-500,2026-01-01 14:00:00,85.89,4.54,1.54,Maintenance
S-1057,M-200,2026-01-01 14:15:00,92.0,3.1,2.98,Maintenance
S-1058,M-300,2026-01-01 14:30:00,21.74,1.94,4.27,Maintenance
S-1059,M-300,2026-01-01 14:45:00,66.29,3.25,2.55,Running
S-1060,M-400,2026-01-01 15:00:00,79.81,1.77,2.87,Warning
S-1061,M-400,2026-01-01 15:15:00,60.79,1.9,2.49,Idle
S-1062,M-500,2026-01-01 15:30:00,21.16,9.03,0.74,Idle
S-1063,M-400,2026-01-01 15:45:00,92.57,2.14,1.02,Running
S-1064,M-500,2026-01-01 16:00:00,21.09,1.08,2.09,Idle
S-1065,M-500,2026-01-01 16:15:00,73.33,2.33,3.18,Idle
S-1066,M-200,2026-01-01 16:30:00,75.29,2.08,1.33,Warning
S-1067,M-200,2026-01-01 16:45:00,75.22,6.36,2.85,Running
S-1068,M-500,2026-01-01 17:00:00,60.93,6.56,2.5,Maintenance
S-1069,M-400,2026-01-01 17:15:00,56.43,7.28,4.97,Idle
S-1070,M-500,2026-01-01 17:30:00,43.67,8.94,1.57,Running
S-1071,M-400,2026-01-01 17:45:00,46.73,5.64,3.25,Warning
S-1072,M-300,2026-01-01 18:00:00,50.76,7.87,3.58,Warning
S-1073,M-400,2026-01-01 18:15:00,27.59,6.62,3.45,Idle
S-1074,M-200,2026-01-01 18:30:00,74.39,3.54,2.91,Idle
S-1075,M-400,2026-01-01 18:45:00,57.45,9.03,1.06,Running
S-1076,M-400,2026-01-01 19:00:00,26.07,5.14,1.39,Warning
S-1077,M-100,2026-01-01 19:15:00,45.18,2.53,4.6,Running
S-1078,M-100,2026-01-01 19:30:00,90.21,4.34,2.16,Warning
S-1079,M-100,2026-01-01 19:45:00,69.86,1.28,0.32,Running
S-1080,M-200,2026-01-01 20:00:00,88.66,7.08,0.6,Idle
S-1081,M-100,2026-01-01 20:15:00,82.7,6.75,3.97,Idle
S-1082,M-200,2026-01-01 20:30:00,31.36,4.81,2.99,Warning
S-1083,M-100,2026-01-01 20:45:00,51.57,8.92,0.66,Running
S-1084,M-500,2026-01-01 21:00:00,57.91,6.07,2.04,Idle
S-1085,M-200,2026-01-01 21:15:00,36.58,2.63,2.34,Warning
S-1086,M-100,2026-01-01 21:30:00,72.82,5.24,0.7,Warning
S-1087,M-500,2026-01-01 21:45:00,52.92,3.82,1.95,Warning
S-1088,M-200,2026-01-01 22:00:00,74.06,6.29,3.95,Idle
S-1089,M-300,2026-01-01 22:15:00,30.31,4.82,1.7,Running
S-1090,M-100,2026-01-01 22:30:00,37.72,4.99,0.99,Idle
S-1091,M-500,2026-01-01 22:45:00,82.66,4.2,2.72,Running
S-1092,M-100,2026-01-01 23:00:00,89.23,8.7,2.31,Warning
S-1093,M-400,2026-01-01 23:15:00,87.13,3.96,3.93,Running
S-1094,M-300,2026-01-01 23:30:00,72.37,9.42,3.6,Idle
S-1095,M-100,2026-01-01 23:45:00,22.34,1.29,1.17,Maintenance
S-1096,M-500,2026-01-02 00:00:00,33.69,9.57,0.64,Running
S-1097,M-400,2026-01-02 00:15:00,94.91,4.75,4.8,Running
S-1098,M-500,2026-01-02 00:30:00,92.41,6.36,0.17,Idle
S-1099,M-200,2026-01-02 00:45:00,87.65,3.66,1.61,Maintenance
S-1100,M-200,2026-01-02 01:00:00,63.0,2.52,1.95,Maintenance
S-1101,M-200,2026-01-02 01:15:00,42.53,2.31,4.39,Idle
S-1102,M-500,2026-01-02 01:30:00,83.75,1.08,1.74,Warning
S-1103,M-400,2026-01-02 01:45:00,85.49,3.65,4.59,Running
S-1104,M-100,2026-01-02 02:00:00,86.62,6.53,0.55,Maintenance
S-1105,M-300,2026-01-02 02:15:00,93.48,5.82,4.81,Warning
S-1106,M-200,2026-01-02 02:30:00,93.01,9.18,3.9,Idle
S-1107,M-300,2026-01-02 02:45:00,69.06,1.11,4.0,Warning
S-1108,M-100,2026-01-02 03:00:00,35.48,6.47,3.0,Idle
S-1109,M-400,2026-01-02 03:15:00,78.27,5.63,4.94,Maintenance
S-1110,M-500,2026-01-02 03:30:00,36.23,5.44,3.99,Warning
S-1111,M-500,2026-01-02 03:45:00,90.38,1.67,2.36,Idle
S-1112,M-500,2026-01-02 04:00:00,59.77,8.52,4.45,Maintenance
S-1113,M-300,2026-01-02 04:15:00,44.53,3.73,2.11,Maintenance
S-1114,M-500,2026-01-02 04:30:00,62.64,3.96,4.15,Running
S-1115,M-400,2026-01-02 04:45:00,28.17,9.54,1.24,Idle
S-1116,M-400,2026-01-02 05:00:00,56.68,4.82,2.04,Warning
S-1117,M-500,2026-01-02 05:15:00,57.2,6.04,4.47,Warning
S-1118,M-400,2026-01-02 05:30:00,62.9,1.89,2.31,Warning
S-1119,M-100,2026-01-02 05:45:00,24.95,2.36,1.9,Running
S-1120,M-300,2026-01-02 06:00:00,77.79,6.68,1.59,Maintenance
S-1121,M-400,2026-01-02 06:15:00,81.47,2.94,4.41,Running
S-1122,M-300,2026-01-02 06:30:00,26.89,5.67,0.21,Maintenance
S-1123,M-500,2026-01-02 06:45:00,44.6,3.48,2.75,Warning
S-1124,M-300,2026-01-02 07:00:00,22.18,7.05,1.12,Idle
S-1125,M-100,2026-01-02 07:15:00,31.2,8.06,3.71,Warning
S-1126,M-300,2026-01-02 07:30:00,85.4,7.41,0.42,Maintenance
S-1127,M-500,2026-01-02 07:45:00,46.33,3.21,3.78,Warning
S-1128,M-400,2026-01-02 08:00:00,64.7,2.33,0.75,Maintenance
S-1129,M-500,2026-01-02 08:15:00,56.03,5.23,3.64,Warning
S-1130,M-400,2026-01-02 08:30:00,49.13,1.45,0.75,Running
S-1131,M-200,2026-01-02 08:45:00,94.33,9.44,4.97,Idle
S-1132,M-200,2026-01-02 09:00:00,66.3,8.5,3.59,Maintenance
S-1133,M-400,2026-01-02 09:15:00,21.49,4.48,2.68,Maintenance
S-1134,M-200,2026-01-02 09:30:00,63.35,9.73,0.78,Warning
S-1135,M-200,2026-01-02 09:45:00,50.95,6.99,2.02,Maintenance
S-1136,M-300,2026-01-02 10:00:00,36.79,7.42,3.7,Maintenance
S-1137,M-100,2026-01-02 10:15:00,24.97,8.75,2.41,Idle
S-1138,M-500,2026-01-02 10:30:00,69.24,9.96,1.85,Idle
S-1139,M-100,2026-01-02 10:45:00,67.3,9.74,2.13,Running
S-1140,M-400,2026-01-02 11:00:00,79.41,6.82,0.65,Running
S-1141,M-300,2026-01-02 11:15:00,56.73,6.97,0.1,Running
S-1142,M-300,2026-01-02 11:30:00,44.41,7.11,0.47,Running
S-1143,M-500,2026-01-02 11:45:00,21.23,3.19,3.91,Warning
S-1144,M-500,2026-01-02 12:00:00,45.29,1.15,3.89,Warning
S-1145,M-200,2026-01-02 12:15:00,77.72,8.51,4.22,Idle
S-1146,M-400,2026-01-02 12:30:00,22.88,6.69,4.95,Running
S-1147,M-200,2026-01-02 12:45:00,42.17,1.09,2.1,Running
S-1148,M-300,2026-01-02 13:00:00,87.04,3.19,2.33,Maintenance
S-1149,M-100,2026-01-02 13:15:00,68.98,4.85,4.53,Idle
S-1150,M-400,2026-01-02 13:30:00,62.36,9.98,3.35,Idle
S-1151,M-200,2026-01-02 13:45:00,48.31,7.22,4.71,Warning
S-1152,M-300,2026-01-02 14:00:00,52.21,8.06,0.56,Idle
S-1153,M-500,2026-01-02 14:15:00,43.43,3.11,4.52,Idle
S-1154,M-200,2026-01-02 14:30:00,58.68,4.03,0.76,Warning
S-1155,M-100,2026-01-02 14:45:00,61.75,8.78,3.21,Running
S-1156,M-200,2026-01-02 15:00:00,48.23,8.59,1.81,Running
S-1157,M-400,2026-01-02 15:15:00,21.06,6.5,0.72,Running
S-1158,M-400,2026-01-02 15:30:00,22.8,1.79,0.57,Warning
S-1159,M-100,2026-01-02 15:45:00,63.44,6.03,3.79,Maintenance
S-1160,M-100,2026-01-02 16:00:00,85.53,7.07,2.41,Maintenance
S-1161,M-300,2026-01-02 16:15:00,67.82,6.03,4.39,Idle
S-1162,M-500,2026-01-02 16:30:00,76.58,3.57,2.2,Warning
S-1163,M-100,2026-01-02 16:45:00,75.57,8.18,3.33,Warning
S-1164,M-200,2026-01-02 17:00:00,27.75,8.65,4.36,Running
S-1165,M-400,2026-01-02 17:15:00,78.19,1.84,3.01,Warning
S-1166,M-100,2026-01-02 17:30:00,56.02,9.96,0.89,Running
S-1167,M-200,2026-01-02 17:45:00,72.79,3.58,0.27,Maintenance
S-1168,M-100,2026-01-02 18:00:00,94.34,2.01,2.16,Running
S-1169,M-300,2026-01-02 18:15:00,71.75,9.67,0.95,Maintenance
S-1170,M-500,2026-01-02 18:30:00,55.98,4.44,0.37,Warning
S-1171,M-300,2026-01-02 18:45:00,69.29,6.78,3.44,Maintenance
S-1172,M-400,2026-01-02 19:00:00,62.38,3.48,1.52,Idle
S-1173,M-400,2026-01-02 19:15:00,27.4,6.88,1.5,Idle
S-1174,M-400,2026-01-02 19:30:00,57.6,4.3,3.89,Running
S-1175,M-400,2026-01-02 19:45:00,60.55,4.46,3.91,Warning
S-1176,M-400,2026-01-02 20:00:00,77.52,9.21,0.98,Warning
S-1177,M-100,2026-01-02 20:15:00,24.2,1.89,3.9,Warning
S-1178,M-500,2026-01-02 20:30:00,90.68,5.77,4.68,Warning
S-1179,M-200,2026-01-02 20:45:00,55.66,8.58,4.12,Running
S-1180,M-200,2026-01-02 21:00:00,30.35,6.71,4.3,Idle
S-1181,M-300,2026-01-02 21:15:00,82.62,9.52,1.37,Warning
S-1182,M-400,2026-01-02 21:30:00,56.04,4.35,2.28,Idle
S-1183,M-200,2026-01-02 21:45:00,79.26,6.85,3.98,Running
S-1184,M-100,2026-01-02 22:00:00,22.61,6.54,2.86,Warning
S-1185,M-300,2026-01-02 22:15:00,34.14,1.57,3.05,Warning
S-1186,M-400,2026-01-02 22:30:00,58.77,6.45,4.28,Running
S-1187,M-300,2026-01-02 22:45:00,70.23,3.37,4.37,Idle
S-1188,M-200,2026-01-02 23:00:00,38.69,7.46,2.65,Running
S-1189,M-100,2026-01-02 23:15:00,71.06,8.74,1.47,Running
S-1190,M-500,2026-01-02 23:30:00,70.54,7.88,0.26,Idle
S-1191,M-300,2026-01-02 23:45:00,55.42,6.9,2.33,Maintenance
S-1192,M-500,2026-01-03 00:00:00,93.31,2.68,4.28,Idle
S-1193,M-300,2026-01-03 00:15:00,62.04,1.64,3.47,Running
S-1194,M-500,2026-01-03 00:30:00,36.82,3.57,0.54,Running
S-1195,M-400,2026-01-03 00:45:00,89.66,5.23,1.38,Warning
S-1196,M-500,2026-01-03 01:00:00,80.2,6.73,2.96,Idle
S-1197,M-400,2026-01-03 01:15:00,89.59,2.15,3.16,Running
S-1198,M-100,2026-01-03 01:30:00,73.74,3.07,1.54,Maintenance
S-1199,M-100,2026-01-03 01:45:00,51.49,2.69,1.83,Idle
S-1200,M-100,2026-01-03 02:00:00,63.71,1.29,4.65,Warning
S-1201,M-500,2026-01-03 02:15:00,90.07,8.79,1.23,Warning
S-1202,M-500,2026-01-03 02:30:00,65.53,3.92,1.86,Warning
S-1203,M-400,2026-01-03 02:45:00,91.73,2.3,4.34,Maintenance
S-1204,M-500,2026-01-03 03:00:00,76.38,4.55,0.3,Warning
S-1205,M-500,2026-01-03 03:15:00,78.61,9.97,3.66,Maintenance
S-1206,M-100,2026-01-03 03:30:00,66.04,9.47,2.68,Idle
S-1207,M-100,2026-01-03 03:45:00,60.16,5.27,0.15,Maintenance
S-1208,M-400,2026-01-03 04:00:00,54.77,9.46,0.52,Maintenance
S-1209,M-500,2026-01-03 04:15:00,42.42,4.96,2.52,Warning
S-1210,M-200,2026-01-03 04:30:00,70.39,7.53,1.28,Running
S-1211,M-300,2026-01-03 04:45:00,31.93,3.96,2.55,Running
S-1212,M-300,2026-01-03 05:00:00,84.58,8.87,1.47,Maintenance
S-1213,M-200,2026-01-03 05:15:00,87.12,9.91,3.69,Warning
S-1214,M-100,2026-01-03 05:30:00,78.52,6.24,0.19,Warning
S-1215,M-300,2026-01-03 05:45:00,89.6,5.52,3.22,Running
S-1216,M-400,2026-01-03 06:00:00,30.22,5.18,0.37,Running
S-1217,M-300,2026-01-03 06:15:00,46.15,8.27,0.98,Warning
S-1218,M-500,2026-01-03 06:30:00,55.96,6.21,4.74,Warning
S-1219,M-100,2026-01-03 06:45:00,56.13,6.41,4.9,Running
S-1220,M-300,2026-01-03 07:00:00,76.43,5.41,2.16,Warning
S-1221,M-300,2026-01-03 07:15:00,79.23,6.89,3.74,Running
S-1222,M-400,2026-01-03 07:30:00,55.09,9.77,3.55,Running
S-1223,M-500,2026-01-03 07:45:00,40.72,4.67,2.56,Idle
S-1224,M-400,2026-01-03 08:00:00,51.4,3.49,2.18,Warning
S-1225,M-400,2026-01-03 08:15:00,33.57,6.04,0.81,Running
S-1226,M-100,2026-01-03 08:30:00,77.79,8.34,2.32,Warning
S-1227,M-500,2026-01-03 08:45:00,55.36,8.26,3.87,Idle
S-1228,M-500,2026-01-03 09:00:00,91.22,7.39,3.13,Maintenance
S-1229,M-300,2026-01-03 09:15:00,80.88,7.11,2.03,Running
S-1230,M-400,2026-01-03 09:30:00,69.95,5.35,4.73,Warning
S-1231,M-300,2026-01-03 09:45:00,29.76,7.54,4.71,Running
S-1232,M-500,2026-01-03 10:00:00,88.63,7.27,3.24,Running
S-1233,M-200,2026-01-03 10:15:00,80.55,7.57,1.26,Warning
S-1234,M-200,2026-01-03 10:30:00,72.94,4.42,1.43,Running
S-1235,M-400,2026-01-03 10:45:00,33.37,3.03,3.93,Idle
S-1236,M-100,2026-01-03 11:00:00,21.78,4.11,2.71,Idle
S-1237,M-400,2026-01-03 11:15:00,30.25,2.21,2.06,Warning
S-1238,M-200,2026-01-03 11:30:00,60.98,6.94,2.91,Warning
S-1239,M-500,2026-01-03 11:45:00,67.43,4.54,2.74,Warning
S-1240,M-500,2026-01-03 12:00:00,42.38,5.44,3.87,Running
S-1241,M-300,2026-01-03 12:15:00,36.61,6.15,4.47,Running
S-1242,M-500,2026-01-03 12:30:00,69.4,7.11,0.3,Running
S-1243,M-300,2026-01-03 12:45:00,94.5,2.52,2.94,Warning
S-1244,M-300,2026-01-03 13:00:00,45.46,1.48,4.99,Maintenance
S-1245,M-300,2026-01-03 13:15:00,38.41,8.21,4.42,Idle
S-1246,M-200,2026-01-03 13:30:00,83.16,7.83,1.73,Warning
S-1247,M-400,2026-01-03 13:45:00,63.94,4.27,2.9,Idle
S-1248,M-400,2026-01-03 14:00:00,60.78,7.62,1.46,Maintenance
S-1249,M-200,2026-01-03 14:15:00,66.11,5.02,2.56,Idle
S-1250,M-300,2026-01-03 14:30:00,60.79,9.98,0.9,Warning
S-1251,M-100,2026-01-03 14:45:00,68.27,1.74,2.27,Idle
S-1252,M-300,2026-01-03 15:00:00,54.52,3.47,1.07,Idle
S-1253,M-100,2026-01-03 15:15:00,25.32,1.03,1.84,Maintenance
S-1254,M-200,2026-01-03 15:30:00,48.89,5.61,0.99,Idle
S-1255,M-500,2026-01-03 15:45:00,46.93,6.91,2.62,Running
S-1256,M-400,2026-01-03 16:00:00,89.62,4.38,3.43,Running
S-1257,M-200,2026-01-03 16:15:00,66.38,7.6,0.21,Maintenance
S-1258,M-500,2026-01-03 16:30:00,57.92,7.01,2.25,Idle
S-1259,M-200,2026-01-03 16:45:00,89.46,1.43,2.81,Idle
S-1260,M-400,2026-01-03 17:00:00,30.83,4.71,2.83,Running
S-1261,M-300,2026-01-03 17:15:00,42.33,4.65,1.63,Idle
S-1262,M-300,2026-01-03 17:30:00,69.11,7.75,0.94,Idle
S-1263,M-400,2026-01-03 17:45:00,63.21,9.21,1.69,Maintenance
S-1264,M-500,2026-01-03 18:00:00,65.49,2.63,2.33,Idle
S-1265,M-400,2026-01-03 18:15:00,54.9,2.88,1.16,Running
S-1266,M-500,2026-01-03 18:30:00,24.64,1.77,1.9,Running
S-1267,M-400,2026-01-03 18:45:00,69.19,1.55,4.76,Warning
S-1268,M-400,2026-01-03 19:00:00,37.15,6.1,3.9,Running
S-1269,M-500,2026-01-03 19:15:00,80.31,3.52,3.72,Running
S-1270,M-200,2026-01-03 19:30:00,23.64,1.51,0.91,Idle
S-1271,M-100,2026-01-03 19:45:00,90.31,6.6,1.51,Warning
S-1272,M-500,2026-01-03 20:00:00,71.15,2.0,4.91,Idle
S-1273,M-100,2026-01-03 20:15:00,52.08,9.64,2.31,Maintenance
S-1274,M-500,2026-01-03 20:30:00,47.57,3.36,0.91,Maintenance
S-1275,M-500,2026-01-03 20:45:00,81.67,6.36,3.41,Idle
S-1276,M-100,2026-01-03 21:00:00,39.24,5.03,3.78,Idle
S-1277,M-200,2026-01-03 21:15:00,39.16,2.96,0.42,Maintenance
S-1278,M-100,2026-01-03 21:30:00,34.99,8.17,3.66,Maintenance
S-1279,M-100,2026-01-03 21:45:00,35.93,8.68,2.27,Maintenance
S-1280,M-400,2026-01-03 22:00:00,65.54,9.89,4.77,Warning
S-1281,M-100,2026-01-03 22:15:00,86.36,4.6,4.85,Maintenance
S-1282,M-200,2026-01-03 22:30:00,64.93,1.94,0.32,Warning
S-1283,M-500,2026-01-03 22:45:00,23.03,2.22,4.48,Running
S-1284,M-200,2026-01-03 23:00:00,64.18,1.43,3.04,Running
S-1285,M-300,2026-01-03 23:15:00,22.08,1.63,2.23,Running
S-1286,M-500,2026-01-03 23:30:00,77.02,2.58,4.81,Maintenance
S-1287,M-400,2026-01-03 23:45:00,25.19,8.28,4.28,Running
S-1288,M-500,2026-01-04 00:00:00,86.76,9.27,3.49,Maintenance
S-1289,M-100,2026-01-04 00:15:00,59.13,2.57,3.93,Maintenance
S-1290,M-300,2026-01-04 00:30:00,84.42,9.02,0.97,Running
S-1291,M-500,2026-01-04 00:45:00,45.15,7.89,1.6,Running
S-1292,M-300,2026-01-04 01:00:00,69.75,5.27,2.38,Running
S-1293,M-400,2026-01-04 01:15:00,84.4,8.36,0.3,Warning
S-1294,M-300,2026-01-04 01:30:00,27.27,7.33,1.0,Warning
S-1295,M-500,2026-01-04 01:45:00,43.68,4.81,2.01,Running
S-1296,M-100,2026-01-04 02:00:00,25.86,9.42,2.16,Maintenance
S-1297,M-200,2026-01-04 02:15:00,46.92,2.37,3.34,Maintenance
S-1298,M-500,2026-01-04 02:30:00,85.46,6.91,1.93,Maintenance
S-1299,M-500,2026-01-04 02:45:00,89.93,2.63,2.91,Maintenance
S-1300,M-400,2026-01-04 03:00:00,81.28,3.95,1.68,Idle
S-1301,M-300,2026-01-04 03:15:00,25.8,5.04,3.24,Running
S-1302,M-100,2026-01-04 03:30:00,51.8,8.04,2.43,Idle
S-1303,M-400,2026-01-04 03:45:00,48.73,4.18,2.6,Running
S-1304,M-500,2026-01-04 04:00:00,55.58,9.28,3.47,Warning
S-1305,M-500,2026-01-04 04:15:00,29.01,4.46,2.64,Idle
S-1306,M-500,2026-01-04 04:30:00,21.06,7.95,0.85,Maintenance
S-1307,M-500,2026-01-04 04:45:00,70.12,5.84,4.37,Maintenance
S-1308,M-200,2026-01-04 05:00:00,77.09,8.95,0.91,Running
S-1309,M-500,2026-01-04 05:15:00,33.15,1.73,1.69,Running
S-1310,M-500,2026-01-04 05:30:00,45.69,2.45,0.71,Maintenance
S-1311,M-500,2026-01-04 05:45:00,87.68,9.12,3.8,Maintenance
S-1312,M-400,2026-01-04 06:00:00,63.58,9.74,0.73,Running
S-1313,M-100,2026-01-04 06:15:00,89.95,1.98,4.89,Running
S-1314,M-500,2026-01-04 06:30:00,36.5,4.77,1.13,Maintenance
S-1315,M-200,2026-01-04 06:45:00,94.65,9.51,3.41,Running
S-1316,M-300,2026-01-04 07:00:00,79.54,1.04,1.16,Maintenance
S-1317,M-300,2026-01-04 07:15:00,56.9,7.93,3.49,Running
S-1318,M-100,2026-01-04 07:30:00,47.93,2.28,4.17,Warning
S-1319,M-300,2026-01-04 07:45:00,56.86,6.15,2.73,Running
S-1320,M-400,2026-01-04 08:00:00,75.71,3.64,3.53,Warning
S-1321,M-500,2026-01-04 08:15:00,88.31,7.01,3.43,Idle
S-1322,M-500,2026-01-04 08:30:00,58.67,8.65,4.15,Warning
S-1323,M-100,2026-01-04 08:45:00,44.67,4.7,3.25,Maintenance
S-1324,M-400,2026-01-04 09:00:00,66.04,2.44,0.92,Idle
S-1325,M-300,2026-01-04 09:15:00,24.89,8.22,4.37,Running
S-1326,M-500,2026-01-04 09:30:00,35.93,7.09,4.77,Warning
S-1327,M-200,2026-01-04 09:45:00,59.56,6.43,1.54,Warning
S-1328,M-300,2026-01-04 10:00:00,83.17,6.8,4.14,Running
S-1329,M-500,2026-01-04 10:15:00,24.41,7.91,3.24,Maintenance
S-1330,M-300,2026-01-04 10:30:00,67.71,8.55,2.72,Running
S-1331,M-200,2026-01-04 10:45:00,93.94,6.24,0.5,Idle
S-1332,M-500,2026-01-04 11:00:00,85.79,7.09,0.58,Warning
S-1333,M-400,2026-01-04 11:15:00,72.75,8.35,2.19,Idle
S-1334,M-400,2026-01-04 11:30:00,45.92,4.74,2.49,Idle
S-1335,M-200,2026-01-04 11:45:00,53.86,8.31,4.85,Warning
S-1336,M-400,2026-01-04 12:00:00,54.78,9.65,3.82,Running
S-1337,M-500,2026-01-04 12:15:00,24.13,6.88,3.54,Warning
S-1338,M-400,2026-01-04 12:30:00,34.45,1.06,4.13,Maintenance
S-1339,M-500,2026-01-04 12:45:00,60.03,9.79,3.8,Maintenance
S-1340,M-100,2026-01-04 13:00:00,43.81,4.4,2.65,Warning
S-1341,M-100,2026-01-04 13:15:00,94.53,1.7,0.73,Maintenance
S-1342,M-200,2026-01-04 13:30:00,39.53,8.63,0.61,Warning
S-1343,M-100,2026-01-04 13:45:00,33.88,5.71,0.59,Maintenance
S-1344,M-100,2026-01-04 14:00:00,56.79,4.44,1.81,Running
S-1345,M-100,2026-01-04 14:15:00,79.88,5.61,1.63,Idle
S-1346,M-200,2026-01-04 14:30:00,63.69,7.25,4.47,Maintenance
S-1347,M-500,2026-01-04 14:45:00,83.95,9.49,3.92,Maintenance
S-1348,M-100,2026-01-04 15:00:00,77.71,5.66,0.4,Running
S-1349,M-500,2026-01-04 15:15:00,89.48,3.75,1.07,Maintenance
S-1350,M-500,2026-01-04 15:30:00,42.9,9.4,0.2,Warning
S-1351,M-100,2026-01-04 15:45:00,51.35,4.38,1.62,Maintenance
S-1352,M-100,2026-01-04 16:00:00,72.61,5.83,4.32,Running
S-1353,M-100,2026-01-04 16:15:00,84.81,1.3,4.33,Warning
S-1354,M-100,2026-01-04 16:30:00,40.82,1.78,4.21,Idle
S-1355,M-100,2026-01-04 16:45:00,71.51,9.09,1.34,Idle
S-1356,M-100,2026-01-04 17:00:00,54.33,7.63,2.94,Maintenance
S-1357,M-300,2026-01-04 17:15:00,80.71,7.91,2.14,Idle
S-1358,M-100,2026-01-04 17:30:00,72.84,8.7,3.18,Warning
S-1359,M-500,2026-01-04 17:45:00,72.16,3.9,2.58,Warning
S-1360,M-500,2026-01-04 18:00:00,51.44,8.11,3.44,Maintenance
S-1361,M-300,2026-01-04 18:15:00,34.96,7.15,2.42,Maintenance
S-1362,M-400,2026-01-04 18:30:00,45.15,5.79,0.44,Running
S-1363,M-500,2026-01-04 18:45:00,76.67,9.62,1.64,Warning
S-1364,M-200,2026-01-04 19:00:00,20.22,3.31,1.3,Running
S-1365,M-300,2026-01-04 19:15:00,36.7,9.03,3.91,Warning
S-1366,M-400,2026-01-04 19:30:00,74.15,4.39,1.15,Maintenance
S-1367,M-500,2026-01-04 19:45:00,51.52,2.19,0.22,Running
S-1368,M-200,2026-01-04 20:00:00,20.82,4.68,4.71,Idle
S-1369,M-500,2026-01-04 20:15:00,53.2,1.72,0.62,Maintenance
S-1370,M-400,2026-01-04 20:30:00,55.05,4.15,4.24,Idle
S-1371,M-500,2026-01-04 20:45:00,87.7,2.42,2.0,Running
S-1372,M-400,2026-01-04 21:00:00,24.16,9.51,1.82,Running
S-1373,M-500,2026-01-04 21:15:00,72.76,2.67,3.55,Running
S-1374,M-500,2026-01-04 21:30:00,23.35,4.97,3.21,Warning
S-1375,M-400,2026-01-04 21:45:00,84.06,1.98,2.19,Maintenance
S-1376,M-400,2026-01-04 22:00:00,32.82,1.17,2.82,Warning
S-1377,M-200,2026-01-04 22:15:00,23.58,5.68,2.6,Running
S-1378,M-300,2026-01-04 22:30:00,61.98,8.75,1.56,Maintenance
S-1379,M-200,2026-01-04 22:45:00,90.32,7.44,4.74,Maintenance
S-1380,M-300,2026-01-04 23:00:00,93.74,8.29,0.72,Warning
S-1381,M-300,2026-01-04 23:15:00,44.73,4.02,4.91,Running
S-1382,M-400,2026-01-04 23:30:00,57.95,8.84,2.22,Warning
S-1383,M-500,2026-01-04 23:45:00,43.14,6.17,2.9,Idle
S-1384,M-500,2026-01-05 00:00:00,85.7,6.0,4.89,Warning
S-1385,M-300,2026-01-05 00:15:00,46.28,8.46,0.68,Running
S-1386,M-300,2026-01-05 00:30:00,71.8,8.13,3.72,Warning
S-1387,M-300,2026-01-05 00:45:00,81.81,4.63,4.72,Maintenance
S-1388,M-300,2026-01-05 01:00:00,55.64,1.82,2.14,Warning
S-1389,M-100,2026-01-05 01:15:00,69.58,3.09,3.59,Running
S-1390,M-500,2026-01-05 01:30:00,53.8,6.96,2.95,Idle
S-1391,M-300,2026-01-05 01:45:00,57.77,7.59,1.69,Idle
S-1392,M-100,2026-01-05 02:00:00,71.35,9.49,4.52,Idle
S-1393,M-100,2026-01-05 02:15:00,83.47,9.2,4.12,Warning
S-1394,M-300,2026-01-05 02:30:00,69.27,8.94,4.34,Warning
S-1395,M-300,2026-01-05 02:45:00,84.99,7.26,2.91,Maintenance
S-1396,M-100,2026-01-05 03:00:00,47.64,1.06,2.29,Running
S-1397,M-400,2026-01-05 03:15:00,24.27,8.64,3.87,Warning
S-1398,M-300,2026-01-05 03:30:00,21.48,6.13,4.76,Idle
S-1399,M-200,2026-01-05 03:45:00,51.42,2.93,3.48,Idle
S-1400,M-100,2026-01-05 04:00:00,72.68,8.92,4.86,Maintenance
S-1401,M-300,2026-01-05 04:15:00,30.67,2.37,0.57,Maintenance
S-1402,M-400,2026-01-05 04:30:00,84.45,1.6,2.62,Running
S-1403,M-200,2026-01-05 04:45:00,85.29,5.32,2.32,Running
S-1404,M-100,2026-01-05 05:00:00,36.34,3.4,1.77,Maintenance
S-1405,M-200,2026-01-05 05:15:00,57.15,4.64,3.62,Idle
S-1406,M-200,2026-01-05 05:30:00,43.96,3.76,1.67,Maintenance
S-1407,M-100,2026-01-05 05:45:00,35.57,6.63,2.91,Maintenance
S-1408,M-200,2026-01-05 06:00:00,90.8,1.8,0.23,Running
S-1409,M-200,2026-01-05 06:15:00,30.95,4.89,1.23,Idle
S-1410,M-500,2026-01-05 06:30:00,86.27,9.06,1.96,Idle
S-1411,M-400,2026-01-05 06:45:00,87.0,3.93,3.68,Running
S-1412,M-400,2026-01-05 07:00:00,94.31,2.25,0.4,Idle
S-1413,M-400,2026-01-05 07:15:00,33.4,1.08,3.88,Running
S-1414,M-500,2026-01-05 07:30:00,52.0,1.58,2.14,Idle
S-1415,M-400,2026-01-05 07:45:00,30.96,2.99,1.02,Warning
S-1416,M-400,2026-01-05 08:00:00,27.28,8.65,3.88,Running
S-1417,M-500,2026-01-05 08:15:00,64.22,3.15,1.61,Maintenance
S-1418,M-500,2026-01-05 08:30:00,33.43,1.26,0.22,Maintenance
S-1419,M-300,2026-01-05 08:45:00,32.48,3.37,4.64,Idle
S-1420,M-300,2026-01-05 09:00:00,51.83,7.8,2.14,Warning
S-1421,M-400,2026-01-05 09:15:00,42.58,9.36,1.18,Maintenance
S-1422,M-200,2026-01-05 09:30:00,76.71,4.23,1.72,Warning
S-1423,M-200,2026-01-05 09:45:00,22.58,9.37,3.65,Running
S-1424,M-400,2026-01-05 10:00:00,84.41,1.65,3.57,Running
S-1425,M-100,2026-01-05 10:15:00,41.52,9.7,1.69,Idle
S-1426,M-400,2026-01-05 10:30:00,50.11,5.27,4.12,Running
S-1427,M-100,2026-01-05 10:45:00,63.75,9.63,1.52,Maintenance
S-1428,M-500,2026-01-05 11:00:00,29.5,6.22,0.73,Warning
S-1429,M-100,2026-01-05 11:15:00,48.88,2.81,1.18,Maintenance
S-1430,M-500,2026-01-05 11:30:00,57.22,8.6,1.94,Warning
S-1431,M-400,2026-01-05 11:45:00,24.02,2.54,2.2,Idle
S-1432,M-300,2026-01-05 12:00:00,91.91,8.35,2.34,Idle
S-1433,M-200,2026-01-05 12:15:00,31.91,7.68,1.76,Maintenance
S-1434,M-300,2026-01-05 12:30:00,66.27,9.18,1.22,Maintenance
S-1435,M-200,2026-01-05 12:45:00,27.15,9.86,0.42,Maintenance
S-1436,M-500,2026-01-05 13:00:00,31.79,8.08,4.69,Warning
S-1437,M-100,2026-01-05 13:15:00,66.14,8.54,1.04,Running
S-1438,M-200,2026-01-05 13:30:00,79.8,7.91,2.11,Running
S-1439,M-100,2026-01-05 13:45:00,34.87,1.11,2.04,Running
S-1440,M-300,2026-01-05 14:00:00,21.64,3.64,4.98,Maintenance
S-1441,M-100,2026-01-05 14:15:00,65.91,2.75,4.76,Maintenance
S-1442,M-300,2026-01-05 14:30:00,73.35,1.83,1.18,Idle
S-1443,M-200,2026-01-05 14:45:00,26.46,1.03,3.8,Maintenance
S-1444,M-300,2026-01-05 15:00:00,80.66,4.38,2.85,Running
S-1445,M-500,2026-01-05 15:15:00,55.98,2.74,2.6,Running
S-1446,M-400,2026-01-05 15:30:00,90.17,4.8,3.76,Running
S-1447,M-100,2026-01-05 15:45:00,94.13,6.66,3.99,Running
S-1448,M-200,2026-01-05 16:00:00,45.15,2.56,1.39,Maintenance
S-1449,M-200,2026-01-05 16:15:00,56.53,5.75,3.96,Maintenance
S-1450,M-300,2026-01-05 16:30:00,64.26,7.57,0.62,Idle
S-1451,M-500,2026-01-05 16:45:00,69.98,3.03,0.1,Running
S-1452,M-500,2026-01-05 17:00:00,26.35,7.35,4.92,Maintenance
S-1453,M-400,2026-01-05 17:15:00,49.54,2.31,4.61,Running
S-1454,M-100,2026-01-05 17:30:00,78.45,1.37,2.1,Maintenance
S-1455,M-300,2026-01-05 17:45:00,86.54,6.69,3.04,Running
S-1456,M-300,2026-01-05 18:00:00,20.25,7.43,1.51,Idle
S-1457,M-200,2026-01-05 18:15:00,89.94,7.16,1.04,Idle
S-1458,M-400,2026-01-05 18:30:00,91.78,2.27,4.94,Warning
S-1459,M-400,2026-01-05 18:45:00,31.94,9.08,1.77,Running
S-1460,M-500,2026-01-05 19:00:00,25.5,9.64,2.14,Warning
S-1461,M-200,2026-01-05 19:15:00,20.58,9.16,3.94,Running
S-1462,M-100,2026-01-05 19:30:00,36.37,3.13,0.84,Maintenance
S-1463,M-100,2026-01-05 19:45:00,83.9,4.58,1.06,Running
S-1464,M-300,2026-01-05 20:00:00,61.31,9.79,3.02,Running
S-1465,M-400,2026-01-05 20:15:00,90.71,4.82,3.52,Idle
S-1466,M-100,2026-01-05 20:30:00,68.61,1.26,0.7,Warning
S-1467,M-400,2026-01-05 20:45:00,88.65,6.05,0.49,Idle
S-1468,M-200,2026-01-05 21:00:00,78.19,3.36,3.35,Warning
S-1469,M-500,2026-01-05 21:15:00,52.35,3.42,1.16,Running
S-1470,M-300,2026-01-05 21:30:00,89.15,7.78,0.42,Warning
S-1471,M-400,2026-01-05 21:45:00,30.67,2.1,4.63,Maintenance
S-1472,M-400,2026-01-05 22:00:00,78.69,1.71,4.44,Maintenance
S-1473,M-100,2026-01-05 22:15:00,45.5,1.34,0.98,Running
S-1474,M-400,2026-01-05 22:30:00,86.28,6.27,4.87,Warning
S-1475,M-400,2026-01-05 22:45:00,44.01,2.83,2.23,Running
S-1476,M-200,2026-01-05 23:00:00,26.36,5.73,1.05,Maintenance
S-1477,M-500,2026-01-05 23:15:00,58.75,2.82,2.51,Running
S-1478,M-300,2026-01-05 23:30:00,82.39,2.03,4.22,Maintenance
S-1479,M-300,2026-01-05 23:45:00,65.77,8.45,4.52,Warning
S-1480,M-400,2026-01-06 00:00:00,78.82,7.88,4.15,Idle
S-1481,M-300,2026-01-06 00:15:00,89.85,4.53,3.08,Maintenance
S-1482,M-500,2026-01-06 00:30:00,73.06,7.63,0.7,Idle
S-1483,M-100,2026-01-06 00:45:00,36.72,6.14,3.59,Idle
S-1484,M-200,2026-01-06 01:00:00,52.85,3.36,4.3,Warning
S-1485,M-500,2026-01-06 01:15:00,23.19,3.22,0.68,Maintenance
S-1486,M-500,2026-01-06 01:30:00,22.68,3.64,2.19,Warning
S-1487,M-300,2026-01-06 01:45:00,66.76,9.52,4.67,Idle
S-1488,M-200,2026-01-06 02:00:00,36.69,8.89,0.85,Maintenance
S-1489,M-100,2026-01-06 02:15:00,67.3,2.33,3.11,Idle
S-1490,M-500,2026-01-06 02:30:00,54.52,4.27,3.38,Maintenance
S-1491,M-500,2026-01-06 02:45:00,29.02,2.38,0.97,Running
S-1492,M-500,2026-01-06 03:00:00,31.06,6.25,0.19,Idle
S-1493,M-500,2026-01-06 03:15:00,39.55,9.93,2.8,Warning
S-1494,M-500,2026-01-06 03:30:00,50.12,2.03,2.68,Idle
S-1495,M-500,2026-01-06 03:45:00,56.74,1.88,3.59,Idle
S-1496,M-300,2026-01-06 04:00:00,44.11,1.85,0.39,Running
S-1497,M-100,2026-01-06 04:15:00,85.32,2.82,4.62,Idle
S-1498,M-300,2026-01-06 04:30:00,47.0,9.49,0.41,Maintenance
S-1499,M-500,2026-01-06 04:45:00,66.15,2.47,1.21,Idle
